{"cameraMode":{"drawMode":0,"name":"Shaded","section":"Shading Mode"},"sceneLighting":true,"audioPlay":false,"sceneViewState":{"showFog":true,"showMaterialUpdate":false,"showSkybox":true,"showFlares":true,"showImageEffects":true,"showParticleSystems":true},"in2DMode":false,"pivot":{"x":0.13738751411437989,"y":-0.07279801368713379,"z":-0.35053879022598269},"rotation":{"x":-0.27270984649658205,"y":0.4593958556652069,"z":-0.15061402320861817,"w":-0.8318063616752625},"size":0.90739506483078,"orthographic":false}