{"cameraMode":{"drawMode":0,"name":"Shaded","section":"Shading Mode"},"sceneLighting":true,"audioPlay":false,"sceneViewState":{"showFog":true,"showMaterialUpdate":false,"showSkybox":true,"showFlares":true,"showImageEffects":true,"showParticleSystems":true},"in2DMode":false,"pivot":{"x":0.04784774035215378,"y":0.039437443017959598,"z":-0.1759241223335266},"rotation":{"x":-0.21306219696998597,"y":0.02988933026790619,"z":-0.006521112751215696,"w":-0.9765623211860657},"size":0.3073950409889221,"orthographic":false}